timestamp,elapsed,success,latency_seconds
2026-10-03T10:05:53.408469+00:00,-0.147,True,0.147
2026-10-03T10:05:54.055161+00:00,0.5,True,0.154
2026-10-03T10:05:54.709745+00:00,1.155,True,0.171
2026-10-03T10:05:55.381253+00:00,1.826,True,0.154
2026-10-03T10:05:56.034841+00:00,2.48,True,0.141
2026-10-03T10:05:56.676003+00:00,3.121,True,0.15
2026-10-03T10:05:57.326170+00:00,3.771,True,0.139
2026-10-03T10:05:57.965345+00:00,4.41,True,0.144
2026-10-03T10:05:58.609406+00:00,5.054,True,0.142
2026-10-03T10:05:59.251263+00:00,5.696,True,0.138
2026-10-03T10:05:59.889798+00:00,6.335,True,0.152
2026-10-03T10:06:00.541493+00:00,6.986,True,0.149
2026-10-03T10:06:01.190626+00:00,7.636,True,0.147
2026-10-03T10:06:01.837352+00:00,8.282,True,0.141
2026-10-03T10:06:02.478086+00:00,8.923,True,0.157
2026-10-03T10:06:03.135603+00:00,9.581,True,0.168
2026-10-03T10:06:03.803869+00:00,10.249,True,0.143
2026-10-03T10:06:04.447264+00:00,10.892,True,0.168
